{
  "features_used": [
    "mean",
    "std",
    "min",
    "max",
    "last"
  ],
  "precision": 0.6153846153846154,
  "recall": 1.0,
  "f1": 0.7619047619047619,
  "n_shuffles": 100,
  "shuffled_f1_mean": 0.5411132767588502,
  "shuffled_f1_std": 0.24095088293935765,
  "n_shuffled_ge_real": 25,
  "p_value": 0.25,
  "comparison_full_features_incl_nsamples_f1": 0.6666666666666666,
  "comparison_full_features_incl_nsamples_n_samples_importance": 1.0
}