{
  "full_5_episode": {
    "precision": 0.8,
    "recall": 0.8,
    "f1": 0.8,
    "trivial_majority_class_f1": 0.9090909090909091,
    "beats_trivial_baseline": false,
    "n_shuffles": 100,
    "shuffled_f1_mean": 0.7633376444676756,
    "shuffled_f1_std": 0.08480020158312025,
    "n_shuffled_ge_real": 48,
    "p_value": 0.48,
    "p_value_reported": "0.480"
  },
  "clean_3_episode": {
    "precision": 0.6666666666666666,
    "recall": 0.6666666666666666,
    "f1": 0.6666666666666666,
    "trivial_majority_class_f1": 0.8571428571428571,
    "beats_trivial_baseline": false,
    "n_shuffles": 100,
    "shuffled_f1_mean": 0.6448452658452658,
    "shuffled_f1_std": 0.1547819503854336,
    "n_shuffled_ge_real": 56,
    "p_value": 0.56,
    "p_value_reported": "0.560"
  }
}