{
  "full_5_episode": {
    "precision": 0.8,
    "recall": 0.8888888888888888,
    "f1": 0.8421052631578947,
    "trivial_majority_class_f1": 0.9,
    "beats_trivial_baseline": false,
    "n_shuffles": 100,
    "shuffled_f1_mean": 0.7651764705882352,
    "shuffled_f1_std": 0.09808276055664393,
    "n_shuffled_ge_real": 34,
    "p_value": 0.34,
    "p_value_reported": "0.340"
  },
  "clean_3_episode": {
    "precision": 0.6666666666666666,
    "recall": 0.8,
    "f1": 0.7272727272727273,
    "trivial_majority_class_f1": 0.8333333333333334,
    "beats_trivial_baseline": false,
    "n_shuffles": 100,
    "shuffled_f1_mean": 0.6354292929292931,
    "shuffled_f1_std": 0.20637127965346733,
    "n_shuffled_ge_real": 54,
    "p_value": 0.54,
    "p_value_reported": "0.540"
  }
}