{
  "broker_kill": {
    "feature_importance_ranked": [
      [
        "n_samples",
        0.8903778986083069
      ],
      [
        "mean",
        0.04273125001428987
      ],
      [
        "std",
        0.04092999367991948
      ],
      [
        "min",
        0.02596085769748369
      ],
      [
        "max",
        0.0
      ],
      [
        "last",
        0.0
      ]
    ],
    "n_folds_averaged": 18
  },
  "disk_pressure": {
    "feature_importance_ranked": [
      [
        "last",
        0.2984732638096498
      ],
      [
        "max",
        0.29206933906844135
      ],
      [
        "mean",
        0.20015970394337043
      ],
      [
        "min",
        0.19035642159457317
      ],
      [
        "std",
        0.01894127158396523
      ],
      [
        "n_samples",
        0.0
      ]
    ],
    "n_folds_averaged": 18
  },
  "network_degradation": {
    "feature_importance_ranked": [
      [
        "max",
        0.3283004967970289
      ],
      [
        "mean",
        0.3206380938092798
      ],
      [
        "min",
        0.1684020363951141
      ],
      [
        "last",
        0.14368212154930615
      ],
      [
        "std",
        0.038977251449271035
      ],
      [
        "n_samples",
        0.0
      ]
    ],
    "n_folds_averaged": 18
  },
  "executor_oom": {
    "feature_importance_ranked": [
      [
        "last",
        0.2004367791005291
      ],
      [
        "n_samples",
        0.18214750000000002
      ],
      [
        "max",
        0.16425948129251702
      ],
      [
        "std",
        0.16103678571428573
      ],
      [
        "mean",
        0.16033358087679517
      ],
      [
        "min",
        0.13178587301587305
      ]
    ],
    "n_folds_averaged": 5
  }
}