{
  "disk_pressure": {
    "features_used": [
      "std"
    ],
    "n_shuffles": 100,
    "real_f1": 0.7777777777777778,
    "shuffled_f1_mean": 0.5685649771620142,
    "shuffled_f1_std": 0.15674295208343966,
    "shuffled_f1_min": 0.2727272727272727,
    "shuffled_f1_max": 0.8421052631578947,
    "n_shuffled_ge_real": 8,
    "p_value": 0.08,
    "full_feature_real_f1_for_comparison": 0.968
  },
  "network_degradation": {
    "features_used": [
      "std"
    ],
    "n_shuffles": 100,
    "real_f1": 0.625,
    "shuffled_f1_mean": 0.5093487149742437,
    "shuffled_f1_std": 0.16337586684561634,
    "shuffled_f1_min": 0.0,
    "shuffled_f1_max": 0.8108108108108109,
    "n_shuffled_ge_real": 32,
    "p_value": 0.32,
    "full_feature_real_f1_for_comparison": 0.867
  }
}