{
  "disk_pressure": {
    "features_used": [
      "std"
    ],
    "real_f1": 0.7777777777777778,
    "shuffled_f1_mean": 0.5899988758859565,
    "shuffled_f1_std": 0.13808776802125283,
    "shuffled_f1_min": 0.2727272727272727,
    "shuffled_f1_max": 0.8421052631578947,
    "full_feature_real_f1_for_comparison": 0.968
  },
  "network_degradation": {
    "features_used": [
      "std"
    ],
    "real_f1": 0.625,
    "shuffled_f1_mean": 0.5185403308733267,
    "shuffled_f1_std": 0.15945485699301834,
    "shuffled_f1_min": 0.2727272727272727,
    "shuffled_f1_max": 0.8108108108108109,
    "full_feature_real_f1_for_comparison": 0.867
  }
}