{
  "broker_kill": {
    "real_f1": 0.47619047619047616,
    "n_windows": 26,
    "class_balance": {
      "normal": 10,
      "pre_failure": 16
    },
    "shuffled_f1_mean": 0.5324562693551628,
    "shuffled_f1_std": 0.23768640391435947,
    "shuffled_f1_min": 0.1111111111111111,
    "shuffled_f1_max": 0.8108108108108109,
    "shuffled_f1_all": [
      0.16666666666666666,
      0.7692307692307693,
      0.7567567567567568,
      0.45161290322580644,
      0.3333333333333333,
      0.7,
      0.47619047619047616,
      0.47619047619047616,
      0.7567567567567568,
      0.1111111111111111,
      0.717948717948718,
      0.7567567567567568,
      0.7692307692307693,
      0.38095238095238093,
      0.23076923076923078,
      0.1111111111111111,
      0.7692307692307693,
      0.7619047619047619,
      0.7692307692307693,
      0.6666666666666666,
      0.21052631578947367,
      0.20689655172413793,
      0.7567567567567568,
      0.717948717948718,
      0.8108108108108109,
      0.21052631578947367,
      0.38095238095238093,
      0.7,
      0.47619047619047616,
      0.5714285714285714
    ],
    "n_shuffles": 30
  },
  "disk_pressure": {
    "real_f1": 0.967741935483871,
    "n_windows": 26,
    "class_balance": {
      "normal": 10,
      "pre_failure": 16
    },
    "shuffled_f1_mean": 0.5341041608213303,
    "shuffled_f1_std": 0.13660487135822197,
    "shuffled_f1_min": 0.23076923076923078,
    "shuffled_f1_max": 0.7878787878787878,
    "shuffled_f1_all": [
      0.5714285714285714,
      0.5333333333333333,
      0.5161290322580645,
      0.6470588235294118,
      0.6896551724137931,
      0.6451612903225806,
      0.5333333333333333,
      0.625,
      0.7878787878787878,
      0.45161290322580644,
      0.5,
      0.6060606060606061,
      0.5,
      0.6666666666666666,
      0.42424242424242425,
      0.5333333333333333,
      0.5161290322580645,
      0.24,
      0.5,
      0.6451612903225806,
      0.4666666666666667,
      0.6060606060606061,
      0.35714285714285715,
      0.6451612903225806,
      0.4827586206896552,
      0.2857142857142857,
      0.75,
      0.6666666666666666,
      0.4,
      0.23076923076923078
    ],
    "n_shuffles": 30
  },
  "network_degradation": {
    "real_f1": 0.8666666666666667,
    "n_windows": 26,
    "class_balance": {
      "normal": 10,
      "pre_failure": 16
    },
    "shuffled_f1_mean": 0.567390750994292,
    "shuffled_f1_std": 0.12441548086534288,
    "shuffled_f1_min": 0.2962962962962963,
    "shuffled_f1_max": 0.8125,
    "shuffled_f1_all": [
      0.625,
      0.6,
      0.6206896551724138,
      0.6,
      0.7272727272727273,
      0.75,
      0.5,
      0.5,
      0.75,
      0.42857142857142855,
      0.5714285714285714,
      0.6666666666666666,
      0.5,
      0.8125,
      0.46153846153846156,
      0.5161290322580645,
      0.45161290322580644,
      0.7096774193548387,
      0.6206896551724138,
      0.4827586206896552,
      0.5185185185185185,
      0.2962962962962963,
      0.6666666666666666,
      0.6451612903225806,
      0.7272727272727273,
      0.4,
      0.4666666666666667,
      0.5161290322580645,
      0.5333333333333333,
      0.35714285714285715
    ],
    "n_shuffles": 30
  }
}